residue_number,probability
384,0.13940092165898618
385,0.13940092165898618
389,0.1391705069124424
390,0.1391705069124424
392,0.1391705069124424
393,0.1391705069124424
396,0.1391705069124424
397,0.1391705069124424
143,0.005069124423963134
400,0.1391705069124424
146,0.1400921658986175
147,0.1400921658986175
403,0.13778801843317973
150,0.1400921658986175
151,0.1400921658986175
153,0.1400921658986175
154,0.1400921658986175
157,0.1400921658986175
380,0.13940092165898618
381,0.13940092165898618
382,0.13940092165898618
383,0.13940092165898618
416,0.14262672811059907
417,0.14262672811059907
410,0.14262672811059907
411,0.14262672811059907
412,0.14262672811059907
413,0.14262672811059907
414,0.14262672811059907
415,0.14262672811059907
322,0.12811059907834102
312,0.12972350230414748
314,0.12995391705069123
315,0.12995391705069123
318,0.12811059907834102
319,0.12811059907834102
32,0.10806451612903226
33,0.10806451612903226
34,0.10806451612903226
35,0.10806451612903226
28,0.10806451612903226
29,0.10806451612903226
30,0.10806451612903226
31,0.10806451612903226
203,0.13317972350230414
206,0.13317972350230414
207,0.13317972350230414
210,0.13317972350230414
211,0.13317972350230414
214,0.13317972350230414
372,0.12465437788018432
373,0.12465437788018432
374,0.12465437788018432
376,0.12465437788018432
377,0.12465437788018432
354,0.08778801843317972
355,0.08778801843317972
357,0.08778801843317972
358,0.08778801843317972
256,0.06152073732718894
259,0.06152073732718894
260,0.06152073732718894
263,0.06152073732718894
278,0.029262672811059907
281,0.029262672811059907
283,0.029262672811059907
185,0.03456221198156682
186,0.03456221198156682
189,0.0347926267281106
192,0.0347926267281106
199,0.029953917050691243
239,0.06152073732718894
242,0.06152073732718894
243,0.06152073732718894
246,0.06152073732718894
247,0.06152073732718894
248,0.06152073732718894
249,0.06152073732718894
250,0.06152073732718894
251,0.06152073732718894
252,0.06152073732718894
253,0.06152073732718894
255,0.06152073732718894
38,0.01912442396313364
41,0.0064516129032258064
306,0.043087557603686634
307,0.043087557603686634
308,0.043087557603686634
309,0.043087557603686634
462,0.010599078341013824
463,0.010599078341013824
464,0.010599078341013824
465,0.010599078341013824
467,0.010368663594470046
469,0.010138248847926268
426,0.0064516129032258064
423,0.0064516129032258064
326,0.00967741935483871
369,0.00391705069124424
290,0.005299539170506912
293,0.005299539170506912
99,0.004147465437788019
100,0.004147465437788019
480,0.0032258064516129032
476,0.0032258064516129032
478,0.0032258064516129032
365,0.0016129032258064516
297,0.0032258064516129032
